fold;classifier;splitter;window;overlap;repeat;score;score_balanced_arousal;score_balanced_valence;score_precision;score_recall;type
0;0;1;6;0;0;0.4937853842649834;0.665276048238087;0.6978338740485094;0.6979627995867437;0.7241272595386608;features
1;0;1;6;0;0;0.4931346391618403;0.6604309319134507;0.7020460893890521;0.6972756319470073;0.7250517488338525;features
2;0;1;6;0;0;0.49245086554731227;0.6572824999327211;0.700830236497751;0.6975174902531478;0.7150505990033524;features
3;0;1;6;0;0;0.4878953533775869;0.6611710605827077;0.6915909098710229;0.6926342206891187;0.7216320154187815;features
4;0;1;6;0;0;0.4929714955095666;0.6628419277373312;0.6922188354693705;0.6954602363349978;0.7167433846386385;features
5;0;1;6;0;0;0.494110756816555;0.6639975176849067;0.69467913113526;0.6964436581681217;0.7206540320668645;features
6;0;1;6;0;0;0.49417583132686926;0.6624749604361301;0.6974447488930655;0.6964737669920877;0.7226875005073414;features
7;0;1;6;0;0;0.48887153455681376;0.6656096762381947;0.6926897540524555;0.6950990944361897;0.7246885184634375;features
8;0;1;6;0;0;0.4949238578680203;0.6608960330799574;0.7011804796323529;0.6966806154970114;0.7259336046170131;features
9;0;1;6;0;0;0.4798255889626448;0.6535135603044203;0.6924695104723115;0.6903592105148144;0.715502164632839;features
0;0;1;10;0;0;0.5156679494227597;0.6797921830752858;0.7146915189161508;0.7124760646477741;0.7370421149118913;features
1;0;1;10;0;0;0.5154480483782298;0.6741745724053543;0.7155070064053187;0.707969799418902;0.742502679841349;features
2;0;1;10;0;0;0.5079173081152408;0.6771678139866979;0.7129850588285255;0.7109137042157916;0.733395799429038;features
3;0;1;10;0;0;0.5108862986584561;0.6721842476969523;0.7139154173354136;0.7100841441188706;0.728546816062638;features
4;0;1;10;0;0;0.5073674950516824;0.6753426143303689;0.7070171761381424;0.7054795277184233;0.7367778090885886;features
5;0;1;10;0;0;0.5153380978559648;0.6755141955548347;0.7155605277732364;0.7098284990851391;0.7389872775711049;features
6;0;1;10;0;0;0.5111599780098955;0.6734890398198605;0.7156221931457893;0.7100297538617193;0.7344242253107635;features
7;0;1;10;0;0;0.5181438310974269;0.6826799947225866;0.7152495227658707;0.7154631440826419;0.734121725429897;features
8;0;1;10;0;0;0.5214427094787772;0.6835672113526476;0.7167201688628482;0.7132505311893331;0.7452728718850725;features
9;0;1;10;0;0;0.506487794149989;0.6721396871205708;0.7115321842269763;0.7077110103425893;0.7313802340624285;features
0;0;1;20;0;0;0.5269870189023002;0.6937907834458066;0.7135168339606859;0.719847962324832;0.738792330935621;features
1;0;1;20;0;0;0.5415622864951036;0.6960061076719566;0.7339097015062716;0.7305946122478288;0.7474120211918385;features
2;0;1;20;0;0;0.5252847380410023;0.6869873381045788;0.7149084789153255;0.7100075086777052;0.7590345644494421;features
3;0;1;20;0;0;0.5323462414578588;0.6849065094531274;0.7272137741811098;0.7179461681251658;0.7520355492554982;features
4;0;1;20;0;0;0.5287015945330296;0.6930754578223897;0.7157533178969242;0.7181748757344484;0.7466534415428372;features
5;0;1;20;0;0;0.5324527442496014;0.692853864338774;0.7200530112923462;0.7208949590168365;0.7455393985006435;features
6;0;1;20;0;0;0.5370075153723526;0.6889922507715731;0.7239422386778673;0.7187201784501784;0.7526500642724632;features
7;0;1;20;0;0;0.5239179954441914;0.6816167728485267;0.7231666858104919;0.7154703180104919;0.746015913192349;features
8;0;1;20;0;0;0.5291571753986333;0.6806572229752457;0.7268530752201696;0.7203169294424048;0.7365341700928656;features
9;0;1;20;0;0;0.5314350797266515;0.68987714871107;0.7327083658935281;0.7237073310290454;0.7543414262628827;features
0;0;1;30;0;0;0.5334750265674814;0.683870212637429;0.742602381282436;0.7316638001738389;0.7376738916755865;features
1;0;1;30;0;0;0.5267445979454481;0.6903248815079994;0.7251263705960037;0.7223335872950123;0.7453281714171278;features
2;0;1;30;0;0;0.5262225372076541;0.6813991465252536;0.7210526848755345;0.7126812477057253;0.750319617229908;features
3;0;1;30;0;0;0.5471296952515946;0.7095672383362481;0.7327195076567876;0.7333898904522929;0.7608172919051026;features
4;0;1;30;0;0;0.540396881644224;0.6894876696664476;0.7424471341159316;0.7308007130914027;0.7494722205328417;features
5;0;1;30;0;0;0.5345377258235919;0.6891204542708711;0.7387300400388145;0.7278283297292508;0.7513222238545973;features
6;0;1;30;0;0;0.5299326957137797;0.6980585735053095;0.7212892077740054;0.7237235655222208;0.7488355955340738;features
7;0;1;30;0;0;0.5372076541459957;0.69427128246871;0.734671361918336;0.7278867966796909;0.7523384597601908;features
8;0;1;30;0;0;0.5322466335931963;0.6829304043326536;0.7405016088241028;0.7248639458691721;0.7513960267637836;features
9;0;1;30;0;0;0.533309709425939;0.6965954627999466;0.7216779870838386;0.7234385619430755;0.7476297506168184;features
0;0;1;60;0;0;0.5059760956175299;0.6792373766449463;0.7158131034412147;0.7131436314363143;0.7360421191385084;features
1;0;1;60;0;0;0.5410358565737052;0.6945539611954135;0.7398748988642067;0.730159756475546;0.757397306933496;features
2;0;1;60;0;0;0.507177033492823;0.6747474747474748;0.7069639711482001;0.7099611099387149;0.7204756200363813;features
3;0;1;60;0;0;0.4984051036682616;0.668939393939394;0.716925688409792;0.7086936234124148;0.7314310750255113;features
4;0;1;60;0;0;0.5143540669856459;0.6668495023891952;0.7247194180408367;0.7075451100107366;0.7454198904450642;features
5;0;1;60;0;0;0.5258964143426295;0.6775675937294621;0.7239861163726464;0.7113245702730031;0.7533208299973903;features
6;0;1;60;0;0;0.4964143426294821;0.6560384480202937;0.7054119171249782;0.6977447153395746;0.7214956516353921;features
7;0;1;60;0;0;0.532695374800638;0.6923400673400674;0.7273040798168172;0.7221029911707878;0.7532221926438618;features
8;0;1;60;0;0;0.5430622009569378;0.6905723905723906;0.7410697115076424;0.7215401828478593;0.7761968144105772;features
9;0;1;60;0;0;0.5374800637958532;0.6968566712503157;0.7309926075596229;0.7293215264332793;0.7477135446315645;features
0;2;1;6;0;0;0.3817270775037418;0.5852228813990061;0.5945821076987976;0.6156755860136021;0.6421904835249794;features
1;2;1;6;0;0;0.3815318539727989;0.577052038125369;0.6030812061629417;0.6154727321034887;0.6432017713782643;features
2;2;1;6;0;0;0.3824677860210855;0.5762501009181719;0.5995575182324269;0.6148575906826312;0.6316930033157124;features
3;2;1;6;0;0;0.37667577769100613;0.5712088304827517;0.597555473862422;0.6106085903951013;0.6357820035068291;features
4;2;1;6;0;0;0.3803201874267864;0.5783566486169557;0.6003470787447902;0.6163904842965167;0.6317427894098127;features
5;2;1;6;0;0;0.37762738335394025;0.5763116617234637;0.6044081744537495;0.6167882739862035;0.6358111861273277;features
6;2;1;6;0;0;0.3909676579683738;0.582570119272582;0.6046600702229612;0.6185808257121406;0.6470200051213819;features
7;2;1;6;0;0;0.37641546270987897;0.5766062707086128;0.5943913658232205;0.6117038259876824;0.637286033272036;features
8;2;1;6;0;0;0.38005987244565925;0.5769602488417855;0.5985137392153095;0.6141291591487875;0.6358489888628782;features
9;2;1;6;0;0;0.3805154236626318;0.5773968337245383;0.5975906356466754;0.6139947297574084;0.6355651474444166;features
0;2;1;10;0;0;0.40098955470038483;0.5854917823376711;0.6197877869452331;0.6259049433754902;0.6586071635982577;features
1;2;1;10;0;0;0.3965915338097856;0.5892354071179;0.6118039891171685;0.6256327814619485;0.6479988467476235;features
2;2;1;10;0;0;0.38882779854849353;0.5865061679769656;0.6070100236597356;0.6226916542969623;0.641571481740469;features
3;2;1;10;0;0;0.39652518143831095;0.5902320315713498;0.6089201059385903;0.6244174790392347;0.6492079197904983;features
4;2;1;10;0;0;0.3905872003518804;0.5843803401421821;0.6036628149083394;0.6193613330949461;0.6449149241441877;features
5;2;1;10;0;0;0.3938427707531611;0.5864711966687062;0.6090674357307313;0.6237426678932358;0.6414340712547698;features
6;2;1;10;0;0;0.3952721275426058;0.5934903307704424;0.6092181857196325;0.6262902617543942;0.6496596911161058;features
7;2;1;10;0;0;0.3997140972069496;0.5836810055800886;0.6176591717761545;0.6252523824127794;0.6501967977063732;features
8;2;1;10;0;0;0.39025731251374535;0.5914274045215016;0.6006125778404907;0.6215409943172471;0.6448911627334523;features
9;2;1;10;0;0;0.39806465801627444;0.5871227924501907;0.6093140285649608;0.6230565614990653;0.6493356903673492;features
0;2;1;20;0;0;0.38897745388294236;0.5885160724384324;0.6054245085738186;0.6219512844757554;0.6483026416766707;features
1;2;1;20;0;0;0.3839672056479162;0.5882948285353695;0.6002042618299116;0.618837825357625;0.6509416928022072;features
2;2;1;20;0;0;0.39134396355353074;0.5829007380000066;0.6078147815020016;0.6195963568280858;0.6517743694274521;features
3;2;1;20;0;0;0.3979498861047836;0.586671706558409;0.6130182406134058;0.6239007197081732;0.6544481251058251;features
4;2;1;20;0;0;0.4018223234624146;0.5930287477303245;0.6207515091715661;0.6309696007723418;0.6556043225216047;features
5;2;1;20;0;0;0.39603734912320654;0.5955784409150056;0.6134150982852363;0.6293505398110661;0.6514112089161783;features
6;2;1;20;0;0;0.3907993623320428;0.5796159049137257;0.6133071761633324;0.6207786907181188;0.6514331349490374;features
7;2;1;20;0;0;0.3867881548974943;0.5832660330168414;0.603070564977177;0.6174775231546047;0.651039835079356;features
8;2;1;20;0;0;0.3804100227790433;0.5737202810128184;0.5999421710018539;0.6136485454497191;0.6326822650973445;features
9;2;1;20;0;0;0.4020501138952164;0.5956276731067893;0.6184265281950887;0.6305811842530651;0.6589643068120237;features
0;2;1;30;0;0;0.35990081473609636;0.5593693367162016;0.5969071862437278;0.6054393682653318;0.6258876039764658;features
1;2;1;30;0;0;0.37690400283386466;0.582671073454973;0.5932498621181685;0.6157768899487097;0.6277983092304962;features
2;2;1;30;0;0;0.3628632175761871;0.5645072573560819;0.5884716550762135;0.6041663065799165;0.6234471199860594;features
3;2;1;30;0;0;0.3972360028348689;0.5856023484659214;0.6246067811113165;0.6279950120245836;0.6596330443935197;features
4;2;1;30;0;0;0.39156626506024095;0.5782099040624237;0.6195104415342435;0.6253039738400832;0.6369529196650738;features
5;2;1;30;0;0;0.38292596528515765;0.5801853026458862;0.6199570774195049;0.6243343213089472;0.651722345233348;features
6;2;1;30;0;0;0.37725823591923485;0.5865160230983897;0.5894329388310657;0.6145699806928195;0.6370905891807892;features
7;2;1;30;0;0;0.37491141034727143;0.5616230526833279;0.6024599439506442;0.607368323266184;0.6397907251458199;features
8;2;1;30;0;0;0.3816442239546421;0.5770358676993255;0.6063958036399171;0.6175338370790371;0.639666380908431;features
9;2;1;30;0;0;0.3880226789510985;0.5839261111908702;0.6084752499310142;0.6224243028012477;0.6394160363576062;features
0;2;1;60;0;0;0.32270916334661354;0.5360436206905336;0.5650718242226296;0.581572517507786;0.5905139048006618;features
1;2;1;60;0;0;0.349003984063745;0.5448993209961439;0.5824538359910283;0.5899955020446099;0.642032937866603;features
2;2;1;60;0;0;0.33891547049441784;0.5574074074074074;0.546808532460839;0.5819612728812456;0.6075180797728381;features
3;2;1;60;0;0;0.33891547049441784;0.5382154882154881;0.5717718010323263;0.585647412060682;0.5930476063711789;features
4;2;1;60;0;0;0.34290271132376393;0.5603459932189208;0.585092552943258;0.6013025740895412;0.6179210699437163;features
5;2;1;60;0;0;0.33306772908366533;0.5410313170269457;0.5456337220612477;0.5748003862487151;0.5931745498135558;features
6;2;1;60;0;0;0.33386454183266934;0.5430795600992273;0.5765982015751581;0.5889943300753242;0.6106189894807619;features
7;2;1;60;0;0;0.35406698564593303;0.5508417508417509;0.5802552866333499;0.5949652866731567;0.6064798793202892;features
8;2;1;60;0;0;0.3277511961722488;0.5313973063973063;0.5666755557151026;0.5789203470863739;0.6050412618128577;features
9;2;1;60;0;0;0.33014354066985646;0.5407413265709629;0.5854079432194936;0.5916722841586726;0.6123824100756873;features
0;3;1;6;0;0;0.3455456497689855;0.5453492470086645;0.5375517051096756;0.5618161208897119;0.8397228611542598;features
1;3;1;6;0;0;0.33383223791240973;0.5354666566100711;0.5331661085677785;0.5575487905639505;0.8228331351934133;features
2;3;1;6;0;0;0.3360015618898868;0.5388554839546222;0.5338765945694118;0.5586680487558702;0.8311266179565396;features
3;3;1;6;0;0;0.34107770402186643;0.5412103942047282;0.5344951106761987;0.5596961599528236;0.832555269820262;features
4;3;1;6;0;0;0.3409475465313029;0.5413039982418926;0.5360965258773911;0.5604150807900345;0.8258420384472801;features
5;3;1;6;0;0;0.3429426693564131;0.5447911745887475;0.5387675587012878;0.5622200236418596;0.8340907142725578;features
6;3;1;6;0;0;0.33676059087655363;0.5396410016233247;0.5300703715144005;0.5582384178747131;0.8188762773014302;features
7;3;1;6;0;0;0.3424443576727841;0.5412023921072611;0.5375397642807948;0.5603939258128838;0.8361831007468907;features
8;3;1;6;0;0;0.33990628660679423;0.5398599765462091;0.5356665838369561;0.55955002193565;0.831831370333933;features
9;3;1;6;0;0;0.3386697904464402;0.5376643096960358;0.5367443207015662;0.5592579364163084;0.8284496425711789;features
0;3;1;10;0;0;0.3384277075316108;0.5410753630363101;0.5357538798067357;0.5602043972421895;0.8260956412649523;features
1;3;1;10;0;0;0.3349092908191314;0.5369012792340657;0.5346471283696996;0.5580998926605124;0.8347770054318135;features
2;3;1;10;0;0;0.34264350120958875;0.5429123076266386;0.5396261686708477;0.5615167963551091;0.8387163554531596;features
3;3;1;10;0;0;0.34374312733670553;0.5470338317125982;0.5359167773301832;0.5618400066880861;0.8382631390604037;features
4;3;1;10;0;0;0.34022432372993183;0.5395253164910018;0.5390363207924107;0.5607926577536892;0.8221054366903622;features
5;3;1;10;0;0;0.34425508521165477;0.5444759004569162;0.5411415836141233;0.5626590341726738;0.8375248201204848;features
6;3;1;10;0;0;0.33919736118746563;0.5446885676287401;0.5349691686578585;0.5611980590287861;0.8261294032420329;features
7;3;1;10;0;0;0.34011436111722015;0.5419998195590255;0.5388541690587489;0.5609819122180177;0.8394174551852128;features
8;3;1;10;0;0;0.3469320431053442;0.5448770285057936;0.5360810113009646;0.560768962224341;0.8501277983820354;features
9;3;1;10;0;0;0.33010776336045744;0.5319875562636253;0.5357723382212503;0.5574954742917944;0.8074308013169758;features
0;3;1;20;0;0;0.3293099521749032;0.5418365695153197;0.5317929736511919;0.5595566493794959;0.8207653159156691;features
1;3;1;20;0;0;0.34411295832384425;0.5472026546194314;0.5399082275251338;0.5630970910523626;0.8412351772083628;features
2;3;1;20;0;0;0.3464692482915718;0.5415890978482771;0.5386390393021689;0.5609971127696747;0.8320413633015389;features
3;3;1;20;0;0;0.3350797266514806;0.5348693347009867;0.5433830466048583;0.5601700942432759;0.8293123434332033;features
4;3;1;20;0;0;0.3428246013667426;0.5481796698279241;0.5354612689029584;0.562410790727194;0.833703018398545;features
5;3;1;20;0;0;0.34661808244135733;0.5484739641353275;0.5378935591802593;0.5632044333971721;0.8368179325596888;features
6;3;1;20;0;0;0.3427465269870189;0.546144901375537;0.5376499913836517;0.5627080380050151;0.824675800007808;features
7;3;1;20;0;0;0.35170842824601367;0.5467365313333622;0.5416897072542963;0.5636588466148512;0.8356392339207437;features
8;3;1;20;0;0;0.3378132118451025;0.5451252784984231;0.5406112717588405;0.562733224853211;0.8366633851857962;features
9;3;1;20;0;0;0.32437357630979496;0.5314658247193388;0.5315125149358452;0.5557812362244062;0.819099780250301;features
0;3;1;30;0;0;0.332624867162593;0.5416734626072248;0.5281857772660077;0.5576998050682261;0.8518884102531814;features
1;3;1;30;0;0;0.324477506199079;0.524054782163984;0.5295196146392556;0.5528370225425661;0.8082075429622835;features
2;3;1;30;0;0;0.33982990786676115;0.5383796673140933;0.526052064636502;0.5563251395950342;0.8292884970196788;features
3;3;1;30;0;0;0.32494684620836284;0.5405601985799598;0.5267406565420029;0.5575095872247986;0.8322289755348335;features
4;3;1;30;0;0;0.3401842664776754;0.5532764609134345;0.527991260958611;0.5606336677902699;0.8694517525341072;features
5;3;1;30;0;0;0.32589443854055966;0.5458529660505014;0.5180455452897983;0.5567908396767633;0.8370245415940842;features
6;3;1;30;0;0;0.3375841303577754;0.5559487111855643;0.5220239028907115;0.5608344853304004;0.8576153713632584;features
7;3;1;30;0;0;0.3238837703756201;0.533184975943134;0.5255416965183072;0.5544729084314552;0.8248250205124208;features
8;3;1;30;0;0;0.33664068036853295;0.5331164723043817;0.5391218934252131;0.5583859307589745;0.8269012190113583;features
9;3;1;30;0;0;0.3345145287030475;0.5422034662455387;0.5300005822652143;0.559467241504089;0.8183530742907847;features
0;3;1;60;0;0;0.3250996015936255;0.4993542487123185;0.49967236277631594;0.5355914896478531;0.9330116820672969;features
1;3;1;60;0;0;0.3450199203187251;0.534131022784578;0.5023222826476583;0.5457437076107274;0.9662150206580495;features
2;3;1;60;0;0;0.33891547049441784;0.5167508417508417;0.5030436443731041;0.5408432138205135;0.9562902080837659;features
3;3;1;60;0;0;0.335725677830941;0.5057239057239057;0.5067039664814497;0.5387171817879695;0.9607081059496871;features
4;3;1;60;0;0;0.3413078149920255;0.5143058322894689;0.5072783357650009;0.5416917446878444;0.9502705648081903;features
5;3;1;60;0;0;0.33784860557768925;0.508134937819373;0.5059333053476538;0.5395189430671938;0.9655122460444193;features
6;3;1;60;0;0;0.34422310756972113;0.5292855432794918;0.5030609579992011;0.545003664058014;0.9471262308570215;features
7;3;1;60;0;0;0.3365231259968102;0.5079124579124579;0.5010051462462147;0.5379046381560364;0.9539664581392253;features
8;3;1;60;0;0;0.3253588516746411;0.5162457912457913;0.5014807958091555;0.5406856848255714;0.8907460401969919;features
9;3;1;60;0;0;0.33811802232854865;0.5152599796414549;0.5037757087947733;0.5411526553941415;0.9419498386357243;features
0;0;1;6;0;1;0.498535823517928;0.6685326385940573;0.6992308984992076;0.7001575657860658;0.7263694047579128;features
1;0;1;6;0;1;0.4900110626667534;0.6600277847426497;0.6953879875809551;0.6937795898769306;0.723456224360805;features
2;0;1;6;0;1;0.49368736170766625;0.6584986658413803;0.6996482182171411;0.6954869831612105;0.7222465756126417;features
3;0;1;6;0;1;0.48379539242483405;0.6618258564181103;0.6943743091985909;0.6951862681824514;0.7196300058138123;features
4;0;1;6;0;1;0.49323181049069376;0.6639751153375765;0.6985950809398145;0.6990495612191013;0.7190441783779384;features
5;0;1;6;0;1;0.4904665842389536;0.660525939108908;0.6953102538796141;0.6919838273390215;0.7303615058183386;features
6;0;1;6;0;1;0.4900110626667534;0.6538113732620946;0.7002271497479121;0.6954256527996587;0.7139653590907851;features
7;0;1;6;0;1;0.4869842509436418;0.6542180024155121;0.6955902853266938;0.6919041927763903;0.7179499245084264;features
8;0;1;6;0;1;0.49232070805674866;0.6665088673433689;0.6925527016486062;0.696945260760504;0.7197477376517165;features
9;0;1;6;0;1;0.49804763764154625;0.6620797300384165;0.7040013632321094;0.6994173806899071;0.7246114314489389;features
0;0;1;10;0;1;0.5159978009895547;0.6835982495808919;0.716937084012216;0.7161656221834636;0.7371167311627462;features
1;0;1;10;0;1;0.5212754260582738;0.6792209913414169;0.726404876079443;0.7169323284947866;0.7435304825264906;features
2;0;1;10;0;1;0.512315812623708;0.6723863221860908;0.7155682151660528;0.7117545676694772;0.7265360358138948;features
3;0;1;10;0;1;0.5078073455025292;0.6688725252423342;0.7107146710593708;0.7041417283937428;0.7349237740817969;features
4;0;1;10;0;1;0.5070376072135474;0.6725904849189255;0.7114806980838428;0.7067311850478055;0.7352538407050065;features
5;0;1;10;0;1;0.5099505222649807;0.674973530522053;0.7152160292261502;0.7102382973479653;0.7358808020770873;features
6;0;1;10;0;1;0.5159978009895547;0.6801720611136588;0.7118122808076273;0.7111037210048159;0.7368966691432184;features
7;0;1;10;0;1;0.51572465361777;0.6765953504435356;0.7206453778290625;0.7152641479688586;0.7332591706508824;features
8;0;1;10;0;1;0.512975588299978;0.6752988917431763;0.7166133448670096;0.7115760173951193;0.7353180438923375;features
9;0;1;10;0;1;0.5130855509126897;0.6770328817303224;0.71589475725283;0.7101265284011763;0.7412351748262092;features
0;0;1;20;0;1;0.536779776816215;0.6938167916377629;0.7364130071099958;0.7288392839895361;0.7526493943182931;features
1;0;1;20;0;1;0.5388294238214529;0.6907781976334124;0.73608574772336;0.7265038454150202;0.7540133237033084;features
2;0;1;20;0;1;0.5239179954441914;0.6862615354130103;0.7208541535510541;0.7192075452242943;0.7393027160676064;features
3;0;1;20;0;1;0.5291571753986333;0.6888508630537081;0.7173893303824643;0.7170268281944678;0.7447593086241804;features
4;0;1;20;0;1;0.5252847380410023;0.6920682974816724;0.7241549465657128;0.7207573787967299;0.7518249640214791;features
5;0;1;20;0;1;0.5313140514689136;0.685397003606608;0.7244491844416563;0.7177482314702697;0.7490248110622266;features
6;0;1;20;0;1;0.521976770667274;0.6974536525567709;0.7091295438689245;0.7194204341218619;0.7389794234131064;features
7;0;1;20;0;1;0.5289293849658314;0.6913787878283284;0.7231011992822007;0.7222526577365287;0.7438871112693362;features
8;0;1;20;0;1;0.5318906605922551;0.689061297960842;0.7228467851658995;0.7150505630489219;0.7610114124622467;features
9;0;1;20;0;1;0.5271070615034169;0.6866591689058994;0.7231340471574139;0.7201262770677832;0.7423088961469757;features
0;0;1;30;0;1;0.5228480340063762;0.6950253715114172;0.7132517143230082;0.7159744367191175;0.7524267005267908;features
1;0;1;30;0;1;0.5419766206163655;0.7025438027777666;0.7331695617634706;0.7307848963307966;0.7570745332543947;features
2;0;1;30;0;1;0.5226789510985117;0.6895263980786744;0.7210147110572165;0.7234795161786312;0.7328884378248165;features
3;0;1;30;0;1;0.538979447200567;0.6888428728008318;0.7395383396327678;0.7265494623176119;0.7549967556662005;features
4;0;1;30;0;1;0.5450035435861091;0.706644602787202;0.7441949423937176;0.7382321673778551;0.762282440005968;features
5;0;1;30;0;1;0.544810485299327;0.6941222665216866;0.7463469767507749;0.7304852310175507;0.765481912117587;features
6;0;1;30;0;1;0.5267445979454481;0.7015028450160875;0.7131668294262599;0.7233323887268839;0.7419862475218693;features
7;0;1;30;0;1;0.5379163713678242;0.693663312674785;0.7342184608451959;0.7242745401300694;0.7614120864350069;features
8;0;1;30;0;1;0.5418143160878809;0.7020031269896277;0.7319734487062319;0.7306225571207471;0.7547703966143341;features
9;0;1;30;0;1;0.5432317505315379;0.6866911485055247;0.7464019807143635;0.7333004515574907;0.7441031993170917;features
0;0;1;60;0;1;0.5227091633466135;0.6810447160477474;0.7139995802148071;0.7089550180644806;0.7508105788838119;features
1;0;1;60;0;1;0.5075697211155379;0.6899529842041189;0.6870308067307791;0.704953327775891;0.7311766241119693;features
2;0;1;60;0;1;0.4944178628389155;0.6674242424242425;0.7084563056259984;0.7037265305023193;0.7284517946670216;features
3;0;1;60;0;1;0.5159489633173844;0.6555555555555556;0.73653373265674;0.7071264367816092;0.7467789165446559;features
4;0;1;60;0;1;0.5079744816586922;0.6796947748952096;0.7157628470254593;0.7188637130127624;0.7195052529221664;features
5;0;1;60;0;1;0.5075697211155379;0.6713138682412638;0.7187196039685059;0.7052246284732425;0.7519495915036294;features
6;0;1;60;0;1;0.501195219123506;0.6527567658429989;0.709797882037259;0.6972067210400441;0.7251251868956304;features
7;0;1;60;0;1;0.5135566188197768;0.6696127946127947;0.7128627949732431;0.7039227895392279;0.7402668707573539;features
8;0;1;60;0;1;0.5382775119617225;0.6861111111111111;0.7464390386494116;0.7319742489270387;0.7462254314743333;features
9;0;1;60;0;1;0.5127591706539075;0.6864541690371531;0.7122884256896919;0.7110533237685318;0.750226485891424;features
0;2;1;6;0;1;0.38550139910197173;0.5868942956832683;0.5986534790285916;0.6186723938607466;0.6416467410786183;features
1;2;1;6;0;1;0.38205245005531335;0.5798314212211833;0.594417064558646;0.6140775847897832;0.6329583064903553;features
2;2;1;6;0;1;0.3838995184172849;0.5791303972873195;0.6057006354378222;0.6178752870613655;0.6425890664604861;features
3;2;1;6;0;1;0.3697123519458545;0.5712168835489924;0.5957420547901202;0.6099345306280657;0.634146579105476;features
4;2;1;6;0;1;0.3811011323701679;0.5815425813105597;0.597394991653815;0.6157136456839064;0.638088563406926;features
5;2;1;6;0;1;0.3780178304158261;0.5803093587988016;0.5935411073358241;0.612513231383216;0.6426778172032397;features
6;2;1;6;0;1;0.38478557948851433;0.5833776706886253;0.5998693756617659;0.617561556318229;0.6406330736482762;features
7;2;1;6;0;1;0.3797344787192503;0.5769113697878312;0.5963711501709941;0.6134572759666477;0.6329954717456432;features
8;2;1;6;0;1;0.3846804633606664;0.581566449825116;0.5993349350872307;0.6164144440212285;0.6399321725845111;features
9;2;1;6;0;1;0.3885201093322921;0.5800704891006425;0.6041835811954505;0.6171870870874766;0.6456244334163308;features
0;2;1;10;0;1;0.4017592083562397;0.596262624166003;0.6114273543593702;0.6298624762965154;0.6442825919233449;features
1;2;1;10;0;1;0.400109950522265;0.588583700153401;0.6097804218028271;0.6236632512675319;0.6515519485591803;features
2;2;1;10;0;1;0.39520563008577086;0.5848780762275807;0.6139121653223957;0.6242034287024468;0.6486722582673794;features
3;2;1;10;0;1;0.38871783593578185;0.5778320987031532;0.604189328980024;0.6161992955207443;0.6443190415795745;features
4;2;1;10;0;1;0.3967451066637343;0.5841436270356053;0.615167091305458;0.6240929288346756;0.6511410767792073;features
5;2;1;10;0;1;0.38658603628367233;0.5865067447217203;0.6055822364216878;0.621481554891008;0.6449214014069482;features
6;2;1;10;0;1;0.3953820780648708;0.5865574120931517;0.6119754774595196;0.6241640981074981;0.6484039091598456;features
7;2;1;10;0;1;0.39333626566967234;0.5815461754274317;0.6159073996362718;0.6235151046970282;0.6482238048090464;features
8;2;1;10;0;1;0.3950956674730592;0.5800663169086775;0.6128116490129165;0.6226459624889739;0.6386912762851809;features
9;2;1;10;0;1;0.3958654057620409;0.5908260913917289;0.6102383657284048;0.6251296884443687;0.6511240096481123;features
0;2;1;20;0;1;0.38670006832156684;0.5797336261786392;0.6035330405687998;0.6161588602864321;0.6512577596699233;features
1;2;1;20;0;1;0.39763151901616944;0.5955339053190174;0.6021570567892642;0.6236805230812422;0.650587886990357;features
2;2;1;20;0;1;0.4;0.590216629311522;0.6109637838576336;0.624017041319641;0.657810195817939;features
3;2;1;20;0;1;0.4070615034168565;0.5968204555218453;0.618734189344777;0.6312913928111987;0.6598046813381785;features
4;2;1;20;0;1;0.3895216400911162;0.5910095353948637;0.607769694131884;0.624350408439065;0.6490793675591726;features
5;2;1;20;0;1;0.3894329309952175;0.5911408191706591;0.6086603931409452;0.6243106205776477;0.6531815685947049;features
6;2;1;20;0;1;0.3873832839899795;0.5871200441743054;0.5990804766931961;0.6179174445013518;0.6491909188576419;features
7;2;1;20;0;1;0.39749430523917995;0.5893155682699962;0.6204891446141305;0.6283542529836196;0.6593292826762412;features
8;2;1;20;0;1;0.3940774487471526;0.588651168444505;0.6102011691751354;0.6232545222178529;0.6551273952639585;features
9;2;1;20;0;1;0.38610478359908884;0.577926442429083;0.6010820131939663;0.6157182797709754;0.6380219055352947;features
0;2;1;30;0;1;0.3726532058094226;0.5717077443518184;0.6017946637174678;0.6124949552930432;0.6394395239994124;features
1;2;1;30;0;1;0.3924902585901523;0.5971297150151613;0.6064306062246689;0.6270869314910765;0.6484338038466012;features
2;2;1;30;0;1;0.3766832034018427;0.5823887218832859;0.59602388806331;0.615102268657974;0.6399581958176553;features
3;2;1;30;0;1;0.38128986534372783;0.5691151344686133;0.6014012338959365;0.6125034502604579;0.6265550691730495;features
4;2;1;30;0;1;0.38377037562012756;0.5803173067962291;0.6080223488578742;0.6194705818732424;0.6451213050515003;features
5;2;1;30;0;1;0.3843428976266383;0.577297783013169;0.5996288036620793;0.6158116090705502;0.6295838405356056;features
6;2;1;30;0;1;0.3616719801629472;0.5781800554909011;0.584684490950398;0.6093341189407403;0.6258477240549435;features
7;2;1;30;0;1;0.38199858256555635;0.5698223337980834;0.6106438081157645;0.615407409449253;0.6406661698734929;features
8;2;1;30;0;1;0.3809355067328136;0.5758718095437658;0.6153067398464339;0.6196361319283297;0.6515003183037344;features
9;2;1;30;0;1;0.39121190644932674;0.5799128023393757;0.6253533463794496;0.6277948707380655;0.6469747134020762;features
0;2;1;60;0;1;0.3250996015936255;0.5476887962788423;0.5613897449548987;0.5852832512315271;0.598322223352634;features
1;2;1;60;0;1;0.33386454183266934;0.5293555830620884;0.5625876936942473;0.575550619520155;0.612888278436889;features
2;2;1;60;0;1;0.3317384370015949;0.5297979797979798;0.5678666027338952;0.5783991998647429;0.6040285726962155;features
3;2;1;60;0;1;0.3149920255183413;0.5327441077441077;0.5485457431287228;0.572394434377316;0.5826711477882781;features
4;2;1;60;0;1;0.3349282296650718;0.5406545859026004;0.5577471903341855;0.5807408795602198;0.588980713812649;features
5;2;1;60;0;1;0.350597609561753;0.556260603312564;0.5520252075888972;0.5828947368421054;0.6255943876535455;features
6;2;1;60;0;1;0.34103585657370517;0.5487273134776918;0.5771845331366947;0.592410608572105;0.6067859702205589;features
7;2;1;60;0;1;0.30063795853269537;0.5072390572390573;0.5505983440728424;0.5610890132269317;0.5802963751719242;features
8;2;1;60;0;1;0.3397129186602871;0.5518518518518518;0.5790783424317872;0.5947250174039618;0.6096122276942189;features
9;2;1;60;0;1;0.3309409888357257;0.5491245570485722;0.5516316959535171;0.580532212885154;0.6077452637314686;features
0;3;1;6;0;1;0.33923342226849745;0.5403283704472204;0.5338234323372046;0.5591563788483578;0.8333717681406584;features
1;3;1;6;0;1;0.34229192425327;0.5411644144649177;0.5358346698849772;0.5600833901543159;0.8316576304531833;features
2;3;1;6;0;1;0.33678250683326827;0.5399646664073375;0.5318300643091787;0.5588742962749566;0.8188753100407056;features
3;3;1;6;0;1;0.34029675907848494;0.5405840899138097;0.5399728692424094;0.5609414388872751;0.8366404834011689;features
4;3;1;6;0;1;0.3408824677860211;0.5435732871980197;0.5345185575580733;0.5607249549281026;0.8276941115742965;features
5;3;1;6;0;1;0.3432029673976703;0.5401018900276859;0.5353238610311172;0.5596509698457355;0.8299132701169429;features
6;3;1;6;0;1;0.33806208108283986;0.5418879712245468;0.5383391226381541;0.5612480346047907;0.8281621766020738;features
7;3;1;6;0;1;0.33112065599375246;0.5319689910058464;0.5325762916367227;0.5562231766689933;0.8171882607820293;features
8;3;1;6;0;1;0.3439411688142653;0.5453235232715266;0.5350808728722531;0.5610563767703783;0.8369812266508978;features
9;3;1;6;0;1;0.34140309774827543;0.5437651958090509;0.5359231248296451;0.5609770409871696;0.8348672942314614;features
0;3;1;10;0;1;0.348653106102254;0.5593515724751571;0.5352279315473709;0.5660649468027911;0.83560240888728;features
1;3;1;10;0;1;0.3440351841671248;0.5404751318883998;0.5406848780331818;0.5609096226419754;0.8438351893989091;features
2;3;1;10;0;1;0.34165383769518365;0.5410115171787568;0.5384326018839345;0.5606384943585585;0.8340843385021709;features
3;3;1;10;0;1;0.3334066417418078;0.5337080232206192;0.5411127091642848;0.5591556869891259;0.8258002045954309;features
4;3;1;10;0;1;0.33450626786892457;0.5315538813600701;0.5324666938041546;0.5558349903460995;0.8250187959682632;features
5;3;1;10;0;1;0.3444749862561847;0.5416942774327187;0.5367803319333069;0.5604466945886508;0.8357069390501095;features
6;3;1;10;0;1;0.3383177570093458;0.5413748206635893;0.5334898745346831;0.55942718060545;0.830924551795955;features
7;3;1;10;0;1;0.3364855948977348;0.5385349648043088;0.5347212359326668;0.558913383856022;0.8256141551039058;features
8;3;1;10;0;1;0.3435232021112822;0.5435336163475643;0.5375775223590522;0.5613799150440995;0.8303251819714923;features
9;3;1;10;0;1;0.33714537057400484;0.5402977627749528;0.5401645304061511;0.5609146475363869;0.8372248288577626;features
0;3;1;20;0;1;0.33204281484855386;0.5333732957872138;0.5284926808866584;0.5556555901129481;0.814575654093227;features
1;3;1;20;0;1;0.3363698474151674;0.5487144885979444;0.5348093151927135;0.5627169351936074;0.8253957022037719;features
2;3;1;20;0;1;0.3312072892938497;0.5317413270012755;0.5364576893214487;0.5573378325778424;0.8148832342738557;features
3;3;1;20;0;1;0.3437357630979499;0.5460273802664926;0.5329844972674543;0.5604011976563106;0.8463737827406408;features
4;3;1;20;0;1;0.34533029612756266;0.5445931507268478;0.5493942077688782;0.5653090167197452;0.8385783588586903;features
5;3;1;20;0;1;0.34502391254839443;0.5461450865947952;0.5404706189878712;0.563675905027514;0.823909037311121;features
6;3;1;20;0;1;0.332498291960829;0.5474908112368181;0.5329387101577544;0.5617502845635234;0.8253314478149532;features
7;3;1;20;0;1;0.3312072892938497;0.5405350500048289;0.5301553955564148;0.558354542730869;0.822098512443578;features
8;3;1;20;0;1;0.344874715261959;0.5488387989516137;0.5323816236851173;0.5609565336936302;0.8560860797193628;features
9;3;1;20;0;1;0.33940774487471526;0.5397834058859295;0.545138211096347;0.5627849577277355;0.8224057899787411;features
0;3;1;30;0;1;0.3202267091746369;0.5232239942007975;0.5249569711754939;0.5511577039979855;0.8099889115089443;features
1;3;1;30;0;1;0.3368756641870351;0.5507149789190953;0.5259789610034761;0.5602042322153217;0.8539277990525604;features
2;3;1;30;0;1;0.3408929836995039;0.549816249063112;0.5335599948355607;0.5621514087300099;0.8395390156314717;features
3;3;1;30;0;1;0.3281360737065911;0.5262807158227287;0.5337508765623062;0.5545694980881497;0.8180300895541208;features
4;3;1;30;0;1;0.33805811481218995;0.5455543549715511;0.529974760068758;0.5594758591532007;0.853590584895597;features
5;3;1;30;0;1;0.32128940843074744;0.5367735894647819;0.5173956860884091;0.5541603637254819;0.801616576069847;features
6;3;1;30;0;1;0.3382925965285158;0.5458935021684943;0.5364847975793516;0.5616007873532349;0.8502290767929774;features
7;3;1;30;0;1;0.32955350815024803;0.5295215423795747;0.5220713958416138;0.5521260482470723;0.8305466067595979;features
8;3;1;30;0;1;0.3327427356484763;0.5439214102078481;0.5295028720864587;0.5594115842199483;0.8308257245459902;features
9;3;1;30;0;1;0.34301913536498935;0.5488153258326218;0.5319392722697458;0.560478769956976;0.8735685417622868;features
0;3;1;60;0;1;0.33306772908366533;0.5118425946210319;0.5017047374294812;0.5395629842393057;0.9474085804142909;features
1;3;1;60;0;1;0.34422310756972113;0.5027646612366733;0.5088935488165832;0.5388658409491742;0.9479844025090463;features
2;3;1;60;0;1;0.33811802232854865;0.5226430976430977;0.503187236693992;0.5424306017053198;0.9631339012378544;features
3;3;1;60;0;1;0.33253588516746413;0.5225589225589226;0.5042205885746667;0.5434458051890663;0.9145214960734727;features
4;3;1;60;0;1;0.3413078149920255;0.5200970475007207;0.5059719020597806;0.5428909821755992;0.9607874842456635;features
5;3;1;60;0;1;0.3290836653386454;0.4957179174966757;0.49995648568122947;0.5346453705883891;0.9338134142511489;features
6;3;1;60;0;1;0.33067729083665337;0.5187808493406073;0.5056802470273758;0.5427470336070614;0.9313938211641054;features
7;3;1;60;0;1;0.3413078149920255;0.5163299663299663;0.5025987645932106;0.5406540121389161;0.9503061360308798;features
8;3;1;60;0;1;0.34688995215311;0.525;0.5068475588023375;0.5439807971709942;0.9683093748613514;features
9;3;1;60;0;1;0.3405103668261563;0.513351684937483;0.5067039664814497;0.5412001593131832;0.9615195486673327;features
0;1;1;6;0;0;0.5085572981063318;0.6744514016372367;0.7062744076103065;0.7026915388687687;0.7427568455626519;features
1;1;1;6;0;0;0.5077113294722457;0.6716468813342114;0.7089109020780198;0.7011193458548848;0.7480292641961535;features
2;1;1;6;0;0;0.5022126773395809;0.6644794946507253;0.706345445181916;0.6990551150383371;0.7356106966704373;features
3;1;1;6;0;0;0.4970714564623194;0.6625005810440199;0.6992358399917156;0.693986214897964;0.7350486397093678;features
4;1;1;6;0;0;0.5044253546791618;0.6707291159537975;0.6974318133338575;0.6983012227946747;0.7334571000909191;features
5;1;1;6;0;0;0.5032211882605584;0.6706915837484229;0.6991684990925322;0.6985235685921111;0.7359198062135955;features
6;1;1;6;0;0;0.5027005921780439;0.6664945918619039;0.7047572530230997;0.6983258745629365;0.7390469949516753;features
7;1;1;6;0;0;0.49824287387739163;0.6678899682036403;0.6981241282024953;0.6955775329696345;0.7384270710536074;features
8;1;1;6;0;0;0.5069634257451516;0.6655344972970241;0.7086450070872599;0.6991579774469621;0.741777689635137;features
9;1;1;6;0;0;0.49388259794351164;0.6615139772348186;0.6967933596927744;0.6939930765606661;0.7282201787221599;features
0;1;1;10;0;0;0.5262231995601979;0.6828441264917089;0.7233469992141485;0.715000585831046;0.7508940678437412;features
1;1;1;10;0;0;0.5304013194062672;0.6869597599743633;0.7205806581623138;0.7132856775696677;0.7590543499043212;features
2;1;1;10;0;0;0.5226522982186057;0.684375315286649;0.7215874864879347;0.7138544279911148;0.7537546886452908;features
3;1;1;10;0;0;0.522542335605894;0.6775616797696564;0.7215518947412609;0.7124187182326718;0.7455654130033168;features
4;1;1;10;0;0;0.5208928964152189;0.6801109767311502;0.7139826516075549;0.707457648621921;0.7529271710117686;features
5;1;1;10;0;0;0.5273227047828477;0.6877173135410051;0.7192208156965187;0.714680988078433;0.753519540272889;features
6;1;1;10;0;0;0.5217152281473337;0.6782249177322102;0.7219410608508688;0.7119010035964448;0.7494379306105421;features
7;1;1;10;0;0;0.5277105784033429;0.68680311949461;0.7208887912472386;0.7163402974880614;0.7494173203056539;features
8;1;1;10;0;0;0.5301297558829998;0.6907427474369621;0.7196140216465103;0.7146845385179352;0.7597183251162176;features
9;1;1;10;0;0;0.5202331207389488;0.6803896724593954;0.7202870469493656;0.7123079402139721;0.7491120983076864;features
0;1;1;20;0;0;0.539284900933728;0.7028601520792612;0.7157038895859473;0.7211879387331788;0.7554653416170622;features
1;1;1;20;0;0;0.5461170576178547;0.700085032209044;0.734129397474657;0.7295994562087301;0.757868677404289;features
2;1;1;20;0;0;0.5337129840546697;0.6873653299852467;0.7207556099254144;0.7110192616957534;0.7675707562529035;features
3;1;1;20;0;0;0.534624145785877;0.6874987511281476;0.7328599473304197;0.719416469611833;0.7624395078719362;features
4;1;1;20;0;0;0.5444191343963554;0.6980621348302211;0.727246622056323;0.722067813975517;0.7647246131054576;features
5;1;1;20;0;0;0.5431564563880665;0.7034662469846102;0.7224035968214136;0.7237690571015449;0.7605116348508;features
6;1;1;20;0;0;0.5461170576178547;0.6919491329710674;0.7323034426912454;0.7220502429005495;0.7625244546239303;features
7;1;1;20;0;0;0.538496583143508;0.6968340682250367;0.7221374175167885;0.7195792670265782;0.7601535060108625;features
8;1;1;20;0;0;0.5451025056947608;0.7015675006910425;0.7297397130183662;0.7281142269067706;0.7569719710158771;features
9;1;1;20;0;0;0.5403189066059225;0.6955712421533187;0.7374482933645827;0.7251579255937712;0.7683053777649758;features
0;1;1;30;0;0;0.5518951470067305;0.6983576476984414;0.7470375628230956;0.7359304726335446;0.7589435938604039;features
1;1;1;30;0;0;0.5334750265674814;0.6911758191753682;0.7294166460054747;0.7222036335663631;0.7549455488966798;features
2;1;1;30;0;0;0.5340184266477676;0.6883552880779491;0.7278715168515147;0.7183778311704573;0.7579580311928903;features
3;1;1;30;0;0;0.5517363571934798;0.7155824622625543;0.7339058097410439;0.7323401833243988;0.7764305935861141;features
4;1;1;30;0;0;0.5400425230333097;0.6905780182304063;0.738957846530079;0.7236833189506118;0.7668258281816953;features
5;1;1;30;0;0;0.5476443499822884;0.6969153980910958;0.7376349678384201;0.7279448398505818;0.763365435739221;features
6;1;1;30;0;0;0.5302869287991498;0.6981230041598041;0.7233829876589436;0.7206016542030644;0.7620401957843574;features
7;1;1;30;0;0;0.5382707299787385;0.6919089143382146;0.7357174140336042;0.7246892148059463;0.7593150909245344;features
8;1;1;30;0;0;0.5326009922041106;0.6852066392114828;0.7392320174983356;0.7204520801540459;0.7662470632430554;features
9;1;1;30;0;0;0.5407512402551382;0.6935908963828838;0.7307165153199041;0.7232447009652703;0.7584743334008599;features
0;1;1;60;0;0;0.5091633466135458;0.6804486379360413;0.7171351708320961;0.7103271926646415;0.7495676175394673;features
1;1;1;60;0;0;0.5450199203187251;0.7073279440904252;0.7378419413975686;0.7299461589481487;0.7768609938866329;features
2;1;1;60;0;0;0.5103668261562998;0.667003367003367;0.7090306749095496;0.7016494886786009;0.7368871733439815;features
3;1;1;60;0;0;0.5175438596491229;0.677946127946128;0.7149153959173626;0.7089626354993036;0.7439527042016061;features
4;1;1;60;0;0;0.5311004784688995;0.6764228658606588;0.7324708392201911;0.7124622180888165;0.7626472158294257;features
5;1;1;60;0;0;0.5298804780876494;0.6921816968356913;0.7220958031719379;0.7150412538073023;0.7661374865640744;features
6;1;1;60;0;0;0.499601593625498;0.6588935242490461;0.7115491955223727;0.7003995350273944;0.7304201944599269;features
7;1;1;60;0;0;0.5430622009569378;0.7006734006734007;0.7410556086904124;0.7290136743479362;0.7718044278805626;features
8;1;1;60;0;0;0.5311004784688995;0.6906565656565656;0.7373952865820669;0.722515233302297;0.7673865300146413;features
9;1;1;60;0;0;0.5430622009569378;0.7031440941085227;0.7296720710371725;0.7292277866596344;0.7568637961471926;features
0;1;1;6;0;1;0.5072558079000455;0.6735381922228267;0.7038256086755204;0.7018293808525247;0.7396152668161298;features
1;1;1;6;0;1;0.5066701373072168;0.6698847602487241;0.7038321168194801;0.699602324926456;0.7399372224841949;features
2;1;1;6;0;1;0.505922165820643;0.6679243211570972;0.7035011317774019;0.6991978956708789;0.736206109755362;features
3;1;1;6;0;1;0.49804763764154625;0.6671459770143063;0.7004846212619023;0.6971182646029273;0.7359935207482472;features
4;1;1;6;0;1;0.5067031107640245;0.6717387705089533;0.7071326490521099;0.702411608750937;0.7398164613945212;features
5;1;1;6;0;1;0.5028958157089868;0.6695414294726519;0.7018131189591714;0.6960964461258856;0.747284697089343;features
6;1;1;6;0;1;0.5002928352964144;0.6627244302564907;0.7066843974265127;0.6991357167117646;0.732153496819061;features
7;1;1;6;0;1;0.4966159052453469;0.6617243775897234;0.7007318039943822;0.694944087677945;0.733182357567432;features
8;1;1;6;0;1;0.5059872445659248;0.6755697901146676;0.6973580145720066;0.7009594252471114;0.7337731056666792;features
9;1;1;6;0;1;0.5134062215280489;0.6709411829966814;0.7105099819762982;0.7034548335633903;0.7416602684795671;features
0;1;1;10;0;1;0.5253435953820781;0.6869726957975121;0.7213322615492437;0.7154590263152352;0.7536340557838002;features
1;1;1;10;0;1;0.5305112699285321;0.6857211360520307;0.7282525191676488;0.7172477124184731;0.7581679440836915;features
2;1;1;10;0;1;0.5230921486694524;0.6817640142490162;0.7175555022816991;0.7132107766770381;0.7438101662938511;features
3;1;1;10;0;1;0.5120958873982846;0.6699179672645148;0.7112669038247135;0.7022148435887607;0.7448519001368605;features
4;1;1;10;0;1;0.5217725973169123;0.6832644755279151;0.7165499135486224;0.7102479405913759;0.7542687739390218;features
5;1;1;10;0;1;0.525783397471138;0.6814260356074129;0.7240734073638411;0.7143303101997898;0.7517084424980459;features
6;1;1;10;0;1;0.5271028037383177;0.6866288023392684;0.7183781931173218;0.7137347764691631;0.752892189441126;features
7;1;1;10;0;1;0.5277105784033429;0.6837456150902981;0.7244002339694164;0.7151638351680409;0.7538027816380026;features
8;1;1;10;0;1;0.5180338684847152;0.6781138679560113;0.7173971433869097;0.710283483392085;0.7460791355231873;features
9;1;1;10;0;1;0.5202331207389488;0.6868784492264697;0.713149292799307;0.7104222754276233;0.7542653605128029;features
0;1;1;20;0;1;0.5518105215212935;0.7021697906319742;0.7434821204516939;0.7325270062101539;0.7690437021284441;features
1;1;1;20;0;1;0.5445228877248918;0.692402069401429;0.739567735372703;0.7246086329236109;0.7686648606755188;features
2;1;1;20;0;1;0.5350797266514806;0.6958199842808663;0.7243312162145481;0.7210038931714411;0.7579389586670893;features
3;1;1;20;0;1;0.5414578587699317;0.6957927172454217;0.723420890704658;0.7190014825930449;0.7624090266411384;features
4;1;1;20;0;1;0.5359908883826879;0.6994868550848535;0.7208623132143236;0.7203692813157652;0.7608970300971922;features
5;1;1;20;0;1;0.5388294238214529;0.6855332865324588;0.7330230029276454;0.7190114179003212;0.7606236943710334;features
6;1;1;20;0;1;0.534730129810977;0.7002278621858209;0.7216195890587435;0.7223356693806886;0.7574791747097618;features
7;1;1;20;0;1;0.5455580865603644;0.6983206420200418;0.7307155250565476;0.7252220032840723;0.7611185942381972;features
8;1;1;20;0;1;0.5466970387243736;0.698765864835432;0.7280377955602645;0.7178449104674919;0.7798138998753978;features
9;1;1;20;0;1;0.5432801822323462;0.6949030630288581;0.7339261433309712;0.7257166536870694;0.7594378183210819;features
0;1;1;30;0;1;0.5402054551895147;0.6948222483991784;0.7259944186479488;0.7182124653697213;0.767876912502361;features
1;1;1;30;0;1;0.5398512221041445;0.6977165373355508;0.7312341562390896;0.7253928866832093;0.7606394561273561;features
2;1;1;30;0;1;0.5354358610914245;0.6952807037338513;0.7361703151067445;0.7282584085730062;0.755625044330472;features
3;1;1;30;0;1;0.5382707299787385;0.6904083824276077;0.7416177859238651;0.7263693513264349;0.7623545194314141;features
4;1;1;30;0;1;0.5496102055279943;0.7071256759581794;0.7462870466242542;0.737011675060973;0.769841117050438;features
5;1;1;30;0;1;0.5565001771165426;0.7022917421771173;0.7498062311606601;0.7318331783230567;0.7820794506124905;features
6;1;1;30;0;1;0.5299326957137797;0.699035100612494;0.7161718943698674;0.7212102707331789;0.7490937933700218;features
7;1;1;30;0;1;0.538979447200567;0.6902607973823551;0.7343650397839037;0.7214573235849832;0.7635887673370456;features
8;1;1;30;0;1;0.5442948263642806;0.7045025023976274;0.7386773465921029;0.7309533840441744;0.76999140098302;features
9;1;1;30;0;1;0.5478384124734231;0.6929267131620108;0.7503821431916742;0.7341693784408834;0.7593189993170042;features
0;1;1;60;0;1;0.5163346613545817;0.6749667571822318;0.7124151470783975;0.7030264299169695;0.7559814750102842;features
1;1;1;60;0;1;0.5203187250996016;0.6830368740353612;0.7029603342858021;0.7030501375537077;0.7526806805212729;features
2;1;1;60;0;1;0.511164274322169;0.6753367003367003;0.7170833835479098;0.710508182424038;0.7381217001641599;features
3;1;1;60;0;1;0.5303030303030303;0.6656565656565656;0.750257055895875;0.7186295331596875;0.7558188029637518;features
4;1;1;60;0;1;0.5215311004784688;0.6875817977258638;0.7268733028541539;0.7243594685580654;0.737464642728197;features
5;1;1;60;0;1;0.5235059760956176;0.6765129939933667;0.722827867593607;0.7070141321324053;0.7638484029494897;features
6;1;1;60;0;1;0.4956175298804781;0.6616632792880901;0.7182804866808001;0.7011927322457752;0.7459491201528784;features
7;1;1;60;0;1;0.5151515151515151;0.6671717171717171;0.7143410266338114;0.701723652085152;0.745365810373131;features
8;1;1;60;0;1;0.5271132376395534;0.6749158249158249;0.7446736223470678;0.7251340947813467;0.7441057722170461;features
9;1;1;60;0;1;0.5374800637958532;0.7036160653922592;0.7237001689773919;0.7212589488388336;0.7711141333841312;features
